id,imgURL
06JvOZ39sK8D8SqiqfaxDU,https://i.scdn.co/image/ab67616d0000b273f52f6a4706fea3bde44467c3
0azC730Exh71aQlOt9Zj3y,https://i.scdn.co/image/ab67616d0000b273d9aa52355e062f5de060adbf
0Cy7wt6IlRfBPHXXjmZbcP,https://i.scdn.co/image/ab67616d0000b2736cd9798b6ace10ff98d1abdd
0e7ipj03S05BNilyu5bRzt,https://i.scdn.co/image/ab67616d0000b273b1c4b76e23414c9f20242268
0hPLZrnDgtKxrym1BHjDhd,https://i.scdn.co/image/ab67616d0000b273280689ecc5e4b2038bb5e4bd
0IEVKWduAaMcZepZQVr80T,https://i.scdn.co/image/ab67616d0000b2736034eda385497f614778f457
0JP9xo3adEtGSdUEISiszL,https://i.scdn.co/image/ab67616d0000b273806c160566580d6335d1f16c
0kN8xEmgMW9mh7UmDYHlJP,https://i.scdn.co/image/ab67616d0000b273232711f7d66a1e19e89e28c5
0nbXyq5TXYPCO7pr3N8S4I,https://i.scdn.co/image/ab67616d0000b273600adbc750285ea1a8da249f
0pMUR7Uvp6vxlbG0qBFvgM,https://i.scdn.co/image/ab67616d0000b27318313757738929cd5486f17c
0rTV5WefWd1J3OwIheTzxM,https://i.scdn.co/image/ab67616d0000b2730eb47b2eec859a783ceb72c8
0t1kP63rueHleOhQkYSXFY,https://i.scdn.co/image/ab67616d0000b273755995e9ff2b1b0c753f5eb8
0VjIjW4GlUZAMYd2vXMi3b,https://i.scdn.co/image/ab67616d0000b2738863bc11d2aa12b54f5aeb36
0VujRiDNNbRf1HIv5359K6,https://i.scdn.co/image/ab67616d0000b273a82a02e5c283d3a70ebf24ad
152unnv8fuahIUyVnHJutJ,https://i.scdn.co/image/ab67616d0000b273de55afc35f648f98613caf4c
1f5cbQtDrykjarZVrShaDI,https://i.scdn.co/image/ab67616d0000b273cdba7ee22968991250725ce1
1NpW5kyvO4XrNJ3rnfcNy3,https://i.scdn.co/image/ab67616d0000b273871d85943145dde548f4ae09
237UcckRVSojOhj7jOD5nq,https://i.scdn.co/image/ab67616d0000b273a1148567f1d1a5511ac428c7
2CdTLdDjwZdVcm0bresVWx,https://i.scdn.co/image/ab67616d0000b2730be3514a5b184c135a27d7f1
2cGxRwrMyEAp8dEbuZaVv6,https://i.scdn.co/image/ab67616d0000b2739b9b36b0e22870b9f542d937
2hfoyc7ve6xM4ZEiNIiU1B,https://i.scdn.co/image/ab67616d0000b273b6d007e03bcf0712d7735bd7
2iUXsYOEPhVqEBwsqP70rE,https://i.scdn.co/image/ab67616d0000b27341aa6776dc15fbd71a2b4557
2KyxKS78fNpzeoxLd9nvPJ,https://i.scdn.co/image/ab67616d0000b273b00d272bbf28b6ab5e9a5bf7
2pmYug1wWd0WoK5tpbsbKL,https://i.scdn.co/image/ab67616d0000b2732719343298d0e4f1790e14cd
2QfiRTz5Yc8DdShCxG1tB2,https://i.scdn.co/image/ab67616d0000b273a496dc8c33ca6d10668b3157
2QqUfCa7GbxQm6gB3K4hhi,https://i.scdn.co/image/ab67616d0000b2735222f0e7e1c915b0f9511135
2SLwbpExuoBDZBpjfefCtV,https://i.scdn.co/image/ab67616d0000b2734ab2520c2c77a1d66b9ee21d
3AayefDdUFxivRs79bX7kV,https://i.scdn.co/image/ab67616d0000b2735545b80a9fe26faccb5b6a51
3DK6m7It6Pw857FcQftMds,https://i.scdn.co/image/ab67616d0000b273d9194aa18fa4c9362b47464f
3DXncPQOG4VBw3QHh3S817,https://i.scdn.co/image/ab67616d0000b273dcb6a73da1e7f293b875f69c
3G0yz3DZn3lfraledmBCT0,https://i.scdn.co/image/ab67616d0000b273d843fabb75fef14010e30cae
3JA9Jsuxr4xgHXEawAdCp4,https://i.scdn.co/image/ab67616d0000b2739efc623f9c64c8efb583b186
3MEYFivt6bilQ9q9mFWZ4g,https://i.scdn.co/image/ab67616d0000b273956043cfb058f0be93022267
3rbNV2GI8Vtd8byhUtXZID,https://i.scdn.co/image/ab67616d0000b273476016bda5b12ea2a3eda8e5
3s7MCdXyWmwjdcWh7GWXas,https://i.scdn.co/image/ab67616d0000b2730cd942c1a864afa4e92d04f2
3UN6cIn3VIyg0z1LCuFSum,https://i.scdn.co/image/ab67616d0000b2735c8cfe4b2c4aa89c9c92108e
3Vr6lUX3ni1Z6OLvn3YkU6,https://i.scdn.co/image/ab67616d0000b2737b84994d656fe1683df19ec4
3zU9rdflI65tK4dkkNSp77,https://i.scdn.co/image/ab67616d0000b273b804bbd11f864902d452b3a7
4BHzHISX21PYwGXiBEUQ70,https://i.scdn.co/image/ab67616d0000b2739c188c494d8bfaf895411890
4CHDcWhqTsz53Ur9zmvHs8,https://i.scdn.co/image/ab67616d0000b273b5531b7ec09c76a82185c12f
4ckuS4Nj4FZ7i3Def3Br8W,https://i.scdn.co/image/ab67616d0000b27358599e61e8a0487443d31bb6
4EWCNWgDS8707fNSZ1oaA5,https://i.scdn.co/image/ab67616d0000b273346d77e155d854735410ed18
4iJyoBOLtHqaGxP12qzhQI,https://i.scdn.co/image/ab67616d0000b273e6f407c7f3a0ec98845e4431
4LQ7BdKNPjFQkajozgXKjq,https://i.scdn.co/image/ab67616d0000b27310bf57f82cf18b29ce228955
4rXLjWdF2ZZpXCVTfWcshS,https://i.scdn.co/image/ab67616d0000b273017d5e26552345c4b1575b6c
4X5f3vT8MRuXF68pfjNte5,https://i.scdn.co/image/ab67616d0000b2732ae92030b51fb8135d694af9
56nLHj9HJr3xpbLarnr0l4,https://i.scdn.co/image/ab67616d0000b273785ebb1a332ca0e2d0b9f0cd
58KPPL1AdLHMvR2O2PZejr,https://i.scdn.co/image/ab67616d0000b27308a1b1e0674086d3f1995e1b
5BrTUo0xP1wKXLJWUaGFtk,https://i.scdn.co/image/ab67616d0000b273d7a62d8635f92472d57d5f8d
5cEqfElQEKHTsZsoMaYRWB,https://i.scdn.co/image/ab67616d0000b273e7e2dac6389a96d8086ae0fe
5dHpbFmZjWucrol0M7aNGU,https://i.scdn.co/image/ab67616d0000b273adfb5909ec66db5fbb4d06c8
5HCyWlXZPP0y6Gqq8TgA20,https://i.scdn.co/image/ab67616d0000b27341e31d6ea1d493dd77933ee5
5HQVUIKwCEXpe7JIHyY734,https://i.scdn.co/image/ab67616d0000b2738596df2f2646ab9aba464c30
5mCPDVBb16L4XQwDdbRUpz,https://i.scdn.co/image/ab67616d0000b2734f0fd9dad63977146e685700
5uxYTDNKEOxcrlWyuMNjaM,https://i.scdn.co/image/ab67616d0000b27367ba84c79a28e584194c42d9
5Z9KJZvQzH6PFmb8SNkxuk,https://i.scdn.co/image/ab67616d0000b273be82673b5f79d9658ec0a9fd
60wwxj6Dd9NJlirf84wr2c,https://i.scdn.co/image/ab67616d0000b273941dd3b3343d9cb9329d37bf
6CGMZijOAZvTXG21T8t6R0,https://i.scdn.co/image/ab67616d0000b27360e5059dcab339142d7642bb
6g0TAJ1grweRwBMLQyiZFb,https://i.scdn.co/image/ab67616d0000b273e83b061a735d3851dc27f745
6kWxIqQDsKFYCJGbU4AjCX,https://i.scdn.co/image/ab67616d0000b2738863bc11d2aa12b54f5aeb36
6LNoArVBBVZzUTUiAX2aKO,https://i.scdn.co/image/ab67616d0000b273cad190f1a73c024e5a40dddd
6qBFSepqLCuh5tehehc1bd,https://i.scdn.co/image/ab67616d0000b2733317fc12f8b9a9a0b8459766
6qn9YLKt13AGvpq9jfO8py,https://i.scdn.co/image/ab67616d0000b273bef074de9ca825bddaeb9f46
6SfsL6v65hiJwS0clxWsw5,https://i.scdn.co/image/ab67616d0000b273c92a279c4b6ffa3bd31125f0
6SkHm6poyKfzV6kc9any8k,https://i.scdn.co/image/ab67616d0000b273c43edd2cf01edf73bf0b97a3
79XrkTOfV1AqySNjVlygpW,https://i.scdn.co/image/ab67616d0000b2732090f4f6cc406e6d3c306733
7aRCf5cLOFN1U7kvtChY1G,https://i.scdn.co/image/ab67616d0000b273cace8a4b2ff924c9e12e3a96
7CrV84rfYP3wS4l5NQc4uL,https://i.scdn.co/image/ab67616d0000b273e110e0dd54b61db64033cc9d
7eIHyaqwKZxbL5MmBDvGeh,https://i.scdn.co/image/ab67616d0000b2730b592e384eb9e10aff8d7e83
7EZC6E7UjZe63f1jRmkWxt,https://i.scdn.co/image/ab67616d0000b27372d481a5999197ef5f42f796
7FpABRyv5TaZz0llkhjPgc,https://i.scdn.co/image/ab67616d0000b2739ce2b82b1958f262a63e8db8
7GX5flRQZVHRAGd6B4TmDO,https://i.scdn.co/image/ab67616d0000b27341b41e6f7924e530a9b00f9c
7IyNMaeMe1rt9DqiXbcSUf,https://i.scdn.co/image/ab67616d0000b27335725c6347f28d7345ca29d8
7MmG8p0F9N3C4AXdK6o6Eb,https://i.scdn.co/image/ab67616d0000b273063c048e9ef6bd021b744756
7MXVkk9YMctZqd1Srtv4MB,https://i.scdn.co/image/ab67616d0000b2734718e2b124f79258be7bc452
