id,Snippets
58KPPL1AdLHMvR2O2PZejr,https://p.scdn.co/mp3-preview/d5c4619d310306830d5fcf0450855917e6f38dc6?cid=ebdbdb2f23bf4ad598d1ef6bd9be1dc8
4rXLjWdF2ZZpXCVTfWcshS,https://p.scdn.co/mp3-preview/f237ab921af697ba9b49e12fa167c2ce1a82d6b4?cid=ebdbdb2f23bf4ad598d1ef6bd9be1dc8
2QqUfCa7GbxQm6gB3K4hhi,https://p.scdn.co/mp3-preview/e95264dd93240e81ceb2f597766c1b8dff7e23ea?cid=ebdbdb2f23bf4ad598d1ef6bd9be1dc8
3s7MCdXyWmwjdcWh7GWXas,https://p.scdn.co/mp3-preview/46bee66e9e81c3a3784069ba2fd9d2d24772760b?cid=ebdbdb2f23bf4ad598d1ef6bd9be1dc8
5Z9KJZvQzH6PFmb8SNkxuk,https://p.scdn.co/mp3-preview/2bfa1aca3b507df2cc3aac0b37bbc05b74c096cd?cid=ebdbdb2f23bf4ad598d1ef6bd9be1dc8
0IEVKWduAaMcZepZQVr80T,https://p.scdn.co/mp3-preview/4d2607e06bb2917248feb7095cf1b70332f8d7d7?cid=ebdbdb2f23bf4ad598d1ef6bd9be1dc8
3DK6m7It6Pw857FcQftMds,https://p.scdn.co/mp3-preview/a1f828c57ecf2b61cee888d956e5b59aebb14610?cid=ebdbdb2f23bf4ad598d1ef6bd9be1dc8
6CGMZijOAZvTXG21T8t6R0,https://p.scdn.co/mp3-preview/ef46ea22943e90da37c6a9d0d16efa872411fbcd?cid=ebdbdb2f23bf4ad598d1ef6bd9be1dc8
1NpW5kyvO4XrNJ3rnfcNy3,https://p.scdn.co/mp3-preview/d508be7a9bbcfafb67a58ff3b7f6954881d0c6b5?cid=ebdbdb2f23bf4ad598d1ef6bd9be1dc8
0rTV5WefWd1J3OwIheTzxM,https://p.scdn.co/mp3-preview/f63f47b2ed5c3f81c303c630af40b2fad0d14a9c?cid=ebdbdb2f23bf4ad598d1ef6bd9be1dc8
06JvOZ39sK8D8SqiqfaxDU,https://p.scdn.co/mp3-preview/87bd1d9910c8309db9a190e4c3d728d7c7e07763?cid=ebdbdb2f23bf4ad598d1ef6bd9be1dc8
4BHzHISX21PYwGXiBEUQ70,https://p.scdn.co/mp3-preview/adaf717c005ed049aa2e13709bfe0a667ac3a264?cid=ebdbdb2f23bf4ad598d1ef6bd9be1dc8
0Cy7wt6IlRfBPHXXjmZbcP,https://p.scdn.co/mp3-preview/b2eeb0b7e6a6d9743c4240383d68377dd323d8a7?cid=ebdbdb2f23bf4ad598d1ef6bd9be1dc8
6SkHm6poyKfzV6kc9any8k,https://p.scdn.co/mp3-preview/016a1519c547f7d2043334ee2a77c337b33141f1?cid=ebdbdb2f23bf4ad598d1ef6bd9be1dc8
4iJyoBOLtHqaGxP12qzhQI,https://p.scdn.co/mp3-preview/cc4a3aa7b548792f4f37f4501303010985442876?cid=ebdbdb2f23bf4ad598d1ef6bd9be1dc8
4CHDcWhqTsz53Ur9zmvHs8,https://p.scdn.co/mp3-preview/65d308c3e691474fc2e035d9017782f2c653c734?cid=ebdbdb2f23bf4ad598d1ef6bd9be1dc8
237UcckRVSojOhj7jOD5nq,https://p.scdn.co/mp3-preview/a660a2a56323f68d36e7d1101d2c47e043b1e662?cid=ebdbdb2f23bf4ad598d1ef6bd9be1dc8
7MXVkk9YMctZqd1Srtv4MB,https://p.scdn.co/mp3-preview/57c1238d183c40da3157c2892346f58445b1377c?cid=ebdbdb2f23bf4ad598d1ef6bd9be1dc8
0JP9xo3adEtGSdUEISiszL,https://p.scdn.co/mp3-preview/fc7faf8b857409dd3655ccbc084d90c4f2551797?cid=ebdbdb2f23bf4ad598d1ef6bd9be1dc8
5cEqfElQEKHTsZsoMaYRWB,https://p.scdn.co/mp3-preview/81ca948079138c9a0f9111a984e8a2e31245634b?cid=ebdbdb2f23bf4ad598d1ef6bd9be1dc8
3DXncPQOG4VBw3QHh3S817,https://p.scdn.co/mp3-preview/80ca4bb6fc9469ab141650c2ace64e641382db96?cid=ebdbdb2f23bf4ad598d1ef6bd9be1dc8
2pmYug1wWd0WoK5tpbsbKL,https://p.scdn.co/mp3-preview/8d3de8dc6458f1499bde995d7e9e065f4ceb3da6?cid=ebdbdb2f23bf4ad598d1ef6bd9be1dc8
7CrV84rfYP3wS4l5NQc4uL,https://p.scdn.co/mp3-preview/57117d0b471c7b2388d851717826657d6f099cb8?cid=ebdbdb2f23bf4ad598d1ef6bd9be1dc8
0e7ipj03S05BNilyu5bRzt,https://p.scdn.co/mp3-preview/beb04a51a925ea2ed2fb7c2363b7b3fa37ebc89b?cid=ebdbdb2f23bf4ad598d1ef6bd9be1dc8
3MEYFivt6bilQ9q9mFWZ4g,https://p.scdn.co/mp3-preview/9f235497d1eb2a7e9368397ef4a22c6c13d40ef4?cid=ebdbdb2f23bf4ad598d1ef6bd9be1dc8
3Vr6lUX3ni1Z6OLvn3YkU6,https://p.scdn.co/mp3-preview/593af8c391a55c4770d4efcb5f3eb79057d0231e?cid=ebdbdb2f23bf4ad598d1ef6bd9be1dc8
0pMUR7Uvp6vxlbG0qBFvgM,None
152unnv8fuahIUyVnHJutJ,https://p.scdn.co/mp3-preview/43cf691406006cee1e845b181ebffe8abcd9fa92?cid=ebdbdb2f23bf4ad598d1ef6bd9be1dc8
7eIHyaqwKZxbL5MmBDvGeh,https://p.scdn.co/mp3-preview/58e6f5be72c26ae78e21a6b643699d51ac7420aa?cid=ebdbdb2f23bf4ad598d1ef6bd9be1dc8
2QfiRTz5Yc8DdShCxG1tB2,https://p.scdn.co/mp3-preview/214ca11106cbcdfe07ccd2d839c67c9b8949a5e2?cid=ebdbdb2f23bf4ad598d1ef6bd9be1dc8
2CdTLdDjwZdVcm0bresVWx,https://p.scdn.co/mp3-preview/03d441e0ba67b5b36085abb789101d85edeeefa4?cid=ebdbdb2f23bf4ad598d1ef6bd9be1dc8
79XrkTOfV1AqySNjVlygpW,https://p.scdn.co/mp3-preview/0d3414f734e3bb1f205dd5948b4c79cbe5d04a6c?cid=ebdbdb2f23bf4ad598d1ef6bd9be1dc8
56nLHj9HJr3xpbLarnr0l4,https://p.scdn.co/mp3-preview/f88ac242734a908b7056e768537a27674909bccb?cid=ebdbdb2f23bf4ad598d1ef6bd9be1dc8
0t1kP63rueHleOhQkYSXFY,None
5uxYTDNKEOxcrlWyuMNjaM,https://p.scdn.co/mp3-preview/2be28ba4d4a6a2747c9fdee27b5b883f313bb852?cid=ebdbdb2f23bf4ad598d1ef6bd9be1dc8
7MmG8p0F9N3C4AXdK6o6Eb,https://p.scdn.co/mp3-preview/258a571c0ae04c58dad7ff59c49b0bd39cb1986b?cid=ebdbdb2f23bf4ad598d1ef6bd9be1dc8
6qBFSepqLCuh5tehehc1bd,https://p.scdn.co/mp3-preview/0c55c555b893841513550e151d9992f33af03ea5?cid=ebdbdb2f23bf4ad598d1ef6bd9be1dc8
6g0TAJ1grweRwBMLQyiZFb,None
2iUXsYOEPhVqEBwsqP70rE,https://p.scdn.co/mp3-preview/87357ede3ba123385a24c959696a6512b878430c?cid=ebdbdb2f23bf4ad598d1ef6bd9be1dc8
7GX5flRQZVHRAGd6B4TmDO,https://p.scdn.co/mp3-preview/115d957b81400862451425d9591dfa938da476da?cid=ebdbdb2f23bf4ad598d1ef6bd9be1dc8
2KyxKS78fNpzeoxLd9nvPJ,https://p.scdn.co/mp3-preview/4b71961e39fbde82ff469da8c9a322543159716e?cid=ebdbdb2f23bf4ad598d1ef6bd9be1dc8
5dHpbFmZjWucrol0M7aNGU,https://p.scdn.co/mp3-preview/fdae005e4dda05827c0d90cf1d15451b4b1e420b?cid=ebdbdb2f23bf4ad598d1ef6bd9be1dc8
3rbNV2GI8Vtd8byhUtXZID,None
3UN6cIn3VIyg0z1LCuFSum,https://p.scdn.co/mp3-preview/dc7d9e45294e4f2ed194693a78e46e9a85fd1210?cid=ebdbdb2f23bf4ad598d1ef6bd9be1dc8
4EWCNWgDS8707fNSZ1oaA5,https://p.scdn.co/mp3-preview/920b09535e94d18179265783aeb8b3ccb2495977?cid=ebdbdb2f23bf4ad598d1ef6bd9be1dc8
4X5f3vT8MRuXF68pfjNte5,https://p.scdn.co/mp3-preview/77d6e84f7d33f7d05d9445953938adcc9b4600b2?cid=ebdbdb2f23bf4ad598d1ef6bd9be1dc8
5mCPDVBb16L4XQwDdbRUpz,https://p.scdn.co/mp3-preview/f54450b33a17422d771eb9c70f171cb015273dc9?cid=ebdbdb2f23bf4ad598d1ef6bd9be1dc8
0nbXyq5TXYPCO7pr3N8S4I,https://p.scdn.co/mp3-preview/6306fda4df77cbcaf47c8b9fa3575ce457504c9c?cid=ebdbdb2f23bf4ad598d1ef6bd9be1dc8
0hPLZrnDgtKxrym1BHjDhd,https://p.scdn.co/mp3-preview/c1d36f40a98f79dac33174570f8dfca6f100c5d4?cid=ebdbdb2f23bf4ad598d1ef6bd9be1dc8
0kN8xEmgMW9mh7UmDYHlJP,https://p.scdn.co/mp3-preview/6984bfcc42ba35e566625853e20d6fccf7b8348e?cid=ebdbdb2f23bf4ad598d1ef6bd9be1dc8
2cGxRwrMyEAp8dEbuZaVv6,https://p.scdn.co/mp3-preview/a52d000457fc91fdb18bfaa1f690c82bf7b1a036?cid=ebdbdb2f23bf4ad598d1ef6bd9be1dc8
6SfsL6v65hiJwS0clxWsw5,https://p.scdn.co/mp3-preview/f4bcdcb4b6a39b6b2baf8d09f6b2376823ac152d?cid=ebdbdb2f23bf4ad598d1ef6bd9be1dc8
4LQ7BdKNPjFQkajozgXKjq,https://p.scdn.co/mp3-preview/91009072c8fd11325b0fe1f158adae64366f894c?cid=ebdbdb2f23bf4ad598d1ef6bd9be1dc8
6LNoArVBBVZzUTUiAX2aKO,https://p.scdn.co/mp3-preview/b387a63512de3e1aa279cc1fb6471b1a45cb7895?cid=ebdbdb2f23bf4ad598d1ef6bd9be1dc8
7IyNMaeMe1rt9DqiXbcSUf,https://p.scdn.co/mp3-preview/0143f3b06c5adb5addb4dc3509d51837cf84e8d0?cid=ebdbdb2f23bf4ad598d1ef6bd9be1dc8
60wwxj6Dd9NJlirf84wr2c,https://p.scdn.co/mp3-preview/b2fd1208b83b14121c261cfc1e74ec4439a16c8f?cid=ebdbdb2f23bf4ad598d1ef6bd9be1dc8
3AayefDdUFxivRs79bX7kV,https://p.scdn.co/mp3-preview/2506bbe1fc647011e36899cf02c325617b503fa5?cid=ebdbdb2f23bf4ad598d1ef6bd9be1dc8
3G0yz3DZn3lfraledmBCT0,https://p.scdn.co/mp3-preview/55cc016e40673be5c656adf8306f23d1f1ffea0c?cid=ebdbdb2f23bf4ad598d1ef6bd9be1dc8
4ckuS4Nj4FZ7i3Def3Br8W,https://p.scdn.co/mp3-preview/dcbe7268bce2491f1b50a9af178560cd7fa9c0d0?cid=ebdbdb2f23bf4ad598d1ef6bd9be1dc8
5HQVUIKwCEXpe7JIHyY734,https://p.scdn.co/mp3-preview/45cf05c4798c3265393d56e70622e104bc28991e?cid=ebdbdb2f23bf4ad598d1ef6bd9be1dc8
3zU9rdflI65tK4dkkNSp77,https://p.scdn.co/mp3-preview/e5664babfba07567c4e002c7bd9c043835bc6521?cid=ebdbdb2f23bf4ad598d1ef6bd9be1dc8
2hfoyc7ve6xM4ZEiNIiU1B,https://p.scdn.co/mp3-preview/9f01df4471f9ffc75c5f32ebcc759c721c32a249?cid=ebdbdb2f23bf4ad598d1ef6bd9be1dc8
6kWxIqQDsKFYCJGbU4AjCX,https://p.scdn.co/mp3-preview/0271808f406491a32f3ca28e11aa5faf600adf88?cid=ebdbdb2f23bf4ad598d1ef6bd9be1dc8
7FpABRyv5TaZz0llkhjPgc,https://p.scdn.co/mp3-preview/b798720e2ae5c6bf271553d0ef8a6b6f4fc00426?cid=ebdbdb2f23bf4ad598d1ef6bd9be1dc8
1f5cbQtDrykjarZVrShaDI,https://p.scdn.co/mp3-preview/f770a1a0b3dfb5bc652f89848e45ab9d09f7dc69?cid=ebdbdb2f23bf4ad598d1ef6bd9be1dc8
3JA9Jsuxr4xgHXEawAdCp4,https://p.scdn.co/mp3-preview/9d30bb19e8996a7b45da6f041dab5f8a6648d296?cid=ebdbdb2f23bf4ad598d1ef6bd9be1dc8
6qn9YLKt13AGvpq9jfO8py,https://p.scdn.co/mp3-preview/3067667dfd88c43dbe49d977a03d7158cd02a06b?cid=ebdbdb2f23bf4ad598d1ef6bd9be1dc8
7EZC6E7UjZe63f1jRmkWxt,https://p.scdn.co/mp3-preview/17be792bc7651304002a6dcea847087501c8305a?cid=ebdbdb2f23bf4ad598d1ef6bd9be1dc8
5BrTUo0xP1wKXLJWUaGFtk,https://p.scdn.co/mp3-preview/9696b487065b7208ef30666935eb4781df6b5d8a?cid=ebdbdb2f23bf4ad598d1ef6bd9be1dc8
7aRCf5cLOFN1U7kvtChY1G,https://p.scdn.co/mp3-preview/3cba929757bfbd6b864cbb03c37090af362219f3?cid=ebdbdb2f23bf4ad598d1ef6bd9be1dc8
0VujRiDNNbRf1HIv5359K6,https://p.scdn.co/mp3-preview/4a29f26829c703f18c55a91d78dbf276640b9f01?cid=ebdbdb2f23bf4ad598d1ef6bd9be1dc8
2SLwbpExuoBDZBpjfefCtV,https://p.scdn.co/mp3-preview/b097c97dade8d4acf6adf0653ae04f5b85dcf5f0?cid=ebdbdb2f23bf4ad598d1ef6bd9be1dc8
0VjIjW4GlUZAMYd2vXMi3b,https://p.scdn.co/mp3-preview/51c08d92815cce4ac2de94a7335a430b81234624?cid=ebdbdb2f23bf4ad598d1ef6bd9be1dc8
0azC730Exh71aQlOt9Zj3y,https://p.scdn.co/mp3-preview/14138fec09bb5940b1ee11c3207663906970cf9b?cid=ebdbdb2f23bf4ad598d1ef6bd9be1dc8
5HCyWlXZPP0y6Gqq8TgA20,https://p.scdn.co/mp3-preview/718a2eb032524494a01f73d80af2bcf176c9f3e2?cid=ebdbdb2f23bf4ad598d1ef6bd9be1dc8